{
  "numerical__MSSubClass": {
    "count": 1168.0,
    "mean": 0.136986301369863,
    "std": 0.850637238718391,
    "min": -0.6,
    "25%": -0.6,
    "50%": 0.0,
    "75%": 0.4,
    "max": 2.8
  },
  "numerical__LotFrontage": {
    "count": 1168.0,
    "mean": -1.8250241500687504e-16,
    "std": 1.1822794896455617,
    "min": -2.5970446621285075,
    "25%": -0.5444130831811392,
    "50%": 0.0,
    "75%": 0.4555869168188608,
    "max": 12.77137639050307
  },
  "numerical__LotArea": {
    "count": 1168.0,
    "mean": 0.2649424650872704,
    "std": 2.6161002243430787,
    "min": -2.018114400340405,
    "25%": -0.4893927420825481,
    "50%": 0.0,
    "75%": 0.5106072579174519,
    "max": 50.001823597349706
  },
  "numerical__OverallQual": {
    "count": 1168.0,
    "mean": 0.06078767123287671,
    "std": 0.6838096289838708,
    "min": -2.5,
    "25%": -0.5,
    "50%": 0.0,
    "75%": 0.5,
    "max": 2.0
  },
  "numerical__OverallCond": {
    "count": 1168.0,
    "mean": 0.5847602739726028,
    "std": 1.1160620315801448,
    "min": -4.0,
    "25%": 0.0,
    "50%": 0.0,
    "75%": 1.0,
    "max": 4.0
  },
  "numerical__YearBuilt": {
    "count": 1168.0,
    "mean": -0.021546803652968037,
    "std": 0.6390728054373666,
    "min": -2.0833333333333335,
    "25%": -0.3958333333333333,
    "50%": 0.0,
    "75%": 0.6041666666666666,
    "max": 0.7916666666666666
  },
  "numerical__YearRemodAdd": {
    "count": 1168.0,
    "mean": -0.23954578226387888,
    "std": 0.5456303951014734,
    "min": -1.1578947368421053,
    "25%": -0.7368421052631579,
    "50%": 0.0,
    "75%": 0.2631578947368421,
    "max": 0.42105263157894735
  },
  "numerical__MasVnrArea": {
    "count": 1168.0,
    "mean": 0.6251321983285983,
    "std": 1.0396798327374694,
    "min": 0.0,
    "25%": 0.0,
    "50%": 0.0,
    "75%": 1.0,
    "max": 8.301204819277109
  },
  "numerical__BsmtFinSF1": {
    "count": 1168.0,
    "mean": 0.08533144605095663,
    "std": 0.6367142542850264,
    "min": -0.5332871012482663,
    "25%": -0.5332871012482663,
    "50%": 0.0,
    "75%": 0.4667128987517337,
    "max": 7.294729542302358
  },
  "numerical__BsmtFinSF2": {
    "count": 1168.0,
    "mean": 45.15239726027397,
    "std": 158.21749934167485,
    "min": 0.0,
    "25%": 0.0,
    "50%": 0.0,
    "75%": 0.0,
    "max": 1127.0
  },
  "numerical__BsmtUnfSF": {
    "count": 1168.0,
    "mean": 0.154138722665377,
    "std": 0.7594462797057207,
    "min": -0.816673755848575,
    "25%": -0.43811144193960017,
    "50%": 0.0,
    "75%": 0.5618885580603998,
    "max": 3.157805189281157
  },
  "numerical__TotalBsmtSF": {
    "count": 1168.0,
    "mean": 0.12771267582630708,
    "std": 0.8756608649539748,
    "min": -1.9821162444113263,
    "25%": -0.40039741679085944,
    "50%": 0.0,
    "75%": 0.5996025832091406,
    "max": 10.158966716343766
  },
  "numerical__1stFlrSF": {
    "count": 1168.0,
    "mean": 0.14615125711016122,
    "std": 0.7600496667706557,
    "min": -1.4958230958230958,
    "25%": -0.4068796068796069,
    "50%": 0.0,
    "75%": 0.5931203931203932,
    "max": 7.07027027027027
  },
  "numerical__2ndFlrSF": {
    "count": 1168.0,
    "mean": 0.4839986640072257,
    "std": 0.6038061434805433,
    "min": 0.0,
    "25%": 0.0,
    "50%": 0.0,
    "75%": 1.0,
    "max": 2.8365384615384617
  },
  "numerical__LowQualFinSF": {
    "count": 1168.0,
    "mean": 5.696061643835616,
    "std": 47.88710572274928,
    "min": 0.0,
    "25%": 0.0,
    "50%": 0.0,
    "75%": 0.0,
    "max": 572.0
  },
  "numerical__GrLivArea": {
    "count": 1168.0,
    "mean": 0.08418033438435651,
    "std": 0.811501255303727,
    "min": -1.76247582205029,
    "25%": -0.5063829787234043,
    "50%": 0.0,
    "75%": 0.49361702127659574,
    "max": 6.451063829787234
  },
  "numerical__BsmtFullBath": {
    "count": 1168.0,
    "mean": 0.425513698630137,
    "std": 0.5199694241396523,
    "min": 0.0,
    "25%": 0.0,
    "50%": 0.0,
    "75%": 1.0,
    "max": 3.0
  },
  "numerical__BsmtHalfBath": {
    "count": 1168.0,
    "mean": 0.05736301369863014,
    "std": 0.23628929098370782,
    "min": 0.0,
    "25%": 0.0,
    "50%": 0.0,
    "75%": 0.0,
    "max": 2.0
  },
  "numerical__FullBath": {
    "count": 1168.0,
    "mean": -0.4229452054794521,
    "std": 0.5469123963044644,
    "min": -2.0,
    "25%": -1.0,
    "50%": 0.0,
    "75%": 0.0,
    "max": 1.0
  },
  "numerical__HalfBath": {
    "count": 1168.0,
    "mean": 0.3818493150684932,
    "std": 0.499953044478514,
    "min": 0.0,
    "25%": 0.0,
    "50%": 0.0,
    "75%": 1.0,
    "max": 2.0
  },
  "numerical__BedroomAbvGr": {
    "count": 1168.0,
    "mean": -0.1095890410958904,
    "std": 0.804854914482961,
    "min": -3.0,
    "25%": -1.0,
    "50%": 0.0,
    "75%": 0.0,
    "max": 5.0
  },
  "numerical__KitchenAbvGr": {
    "count": 1168.0,
    "mean": 0.04794520547945205,
    "std": 0.22544836501904522,
    "min": -1.0,
    "25%": 0.0,
    "50%": 0.0,
    "75%": 0.0,
    "max": 2.0
  },
  "numerical__TotRmsAbvGrd": {
    "count": 1168.0,
    "mean": 0.2808219178082192,
    "std": 0.8098527858007004,
    "min": -2.0,
    "25%": -0.5,
    "50%": 0.0,
    "75%": 0.5,
    "max": 4.0
  },
  "numerical__Fireplaces": {
    "count": 1168.0,
    "mean": -0.3818493150684932,
    "std": 0.6451288742068786,
    "min": -1.0,
    "25%": -1.0,
    "50%": 0.0,
    "75%": 0.0,
    "max": 2.0
  },
  "numerical__GarageYrBlt": {
    "count": 1168.0,
    "mean": -1.7596274513579537e-15,
    "std": 0.6164433731520882,
    "min": -2.0169778892604997,
    "25%": -0.42723429951691005,
    "50%": 0.0,
    "75%": 0.57276570048309,
    "max": 0.8035349312523207
  },
  "numerical__GarageCars": {
    "count": 1168.0,
    "mean": -0.2183219178082192,
    "std": 0.7401613519168527,
    "min": -2.0,
    "25%": -1.0,
    "50%": 0.0,
    "75%": 0.0,
    "max": 2.0
  },
  "numerical__GarageArea": {
    "count": 1168.0,
    "mean": -0.02436607403089479,
    "std": 0.8982781829003227,
    "min": -2.051063829787234,
    "25%": -0.6,
    "50%": 0.0,
    "75%": 0.4,
    "max": 3.9829787234042553
  },
  "numerical__WoodDeckSF": {
    "count": 1168.0,
    "mean": 0.5711126060013046,
    "std": 0.7719401129238039,
    "min": 0.0,
    "25%": 0.0,
    "50%": 0.0,
    "75%": 1.0,
    "max": 5.101190476190476
  },
  "numerical__OpenPorchSF": {
    "count": 1168.0,
    "mean": 0.3051184746390226,
    "std": 0.9382916251679266,
    "min": -0.36486486486486486,
    "25%": -0.36486486486486486,
    "50%": 0.0,
    "75%": 0.6351351351351351,
    "max": 7.027027027027027
  },
  "numerical__EnclosedPorch": {
    "count": 1168.0,
    "mean": 21.839041095890412,
    "std": 62.083227300285174,
    "min": 0.0,
    "25%": 0.0,
    "50%": 0.0,
    "75%": 0.0,
    "max": 552.0
  },
  "numerical__3SsnPorch": {
    "count": 1168.0,
    "mean": 3.8125,
    "std": 31.519664262464932,
    "min": 0.0,
    "25%": 0.0,
    "50%": 0.0,
    "75%": 0.0,
    "max": 508.0
  },
  "numerical__ScreenPorch": {
    "count": 1168.0,
    "mean": 15.407534246575343,
    "std": 55.88114769868475,
    "min": 0.0,
    "25%": 0.0,
    "50%": 0.0,
    "75%": 0.0,
    "max": 480.0
  },
  "numerical__MoSold": {
    "count": 1168.0,
    "mean": 0.11872146118721463,
    "std": 0.8902358198543586,
    "min": -1.6666666666666667,
    "25%": -0.3333333333333333,
    "50%": 0.0,
    "75%": 0.6666666666666666,
    "max": 2.0
  },
  "numerical__YrSold": {
    "count": 1168.0,
    "mean": -0.09075342465753425,
    "std": 0.6613196908401977,
    "min": -1.0,
    "25%": -0.5,
    "50%": 0.0,
    "75%": 0.5,
    "max": 1.0
  }
}