{
  "Id": {
    "count": 1460.0,
    "mean": 730.5,
    "std": 421.6100093688479,
    "min": 1.0,
    "25%": 365.75,
    "50%": 730.5,
    "75%": 1095.25,
    "max": 1460.0
  },
  "MSSubClass": {
    "count": 1460.0,
    "mean": 56.897260273972606,
    "std": 42.300570993810425,
    "min": 20.0,
    "25%": 20.0,
    "50%": 50.0,
    "75%": 70.0,
    "max": 190.0
  },
  "LotFrontage": {
    "count": 1201.0,
    "mean": 70.04995836802665,
    "std": 24.284751774483208,
    "min": 21.0,
    "25%": 59.0,
    "50%": 69.0,
    "75%": 80.0,
    "max": 313.0
  },
  "LotArea": {
    "count": 1460.0,
    "mean": 10516.828082191782,
    "std": 9981.26493237915,
    "min": 1300.0,
    "25%": 7553.5,
    "50%": 9478.5,
    "75%": 11601.5,
    "max": 215245.0
  },
  "OverallQual": {
    "count": 1460.0,
    "mean": 6.0993150684931505,
    "std": 1.3829965467415934,
    "min": 1.0,
    "25%": 5.0,
    "50%": 6.0,
    "75%": 7.0,
    "max": 10.0
  },
  "OverallCond": {
    "count": 1460.0,
    "mean": 5.575342465753424,
    "std": 1.1127993367127316,
    "min": 1.0,
    "25%": 5.0,
    "50%": 5.0,
    "75%": 6.0,
    "max": 9.0
  },
  "YearBuilt": {
    "count": 1460.0,
    "mean": 1971.267808219178,
    "std": 30.202904042525258,
    "min": 1872.0,
    "25%": 1954.0,
    "50%": 1973.0,
    "75%": 2000.0,
    "max": 2010.0
  },
  "YearRemodAdd": {
    "count": 1460.0,
    "mean": 1984.8657534246574,
    "std": 20.645406807709413,
    "min": 1950.0,
    "25%": 1967.0,
    "50%": 1994.0,
    "75%": 2004.0,
    "max": 2010.0
  },
  "MasVnrArea": {
    "count": 1452.0,
    "mean": 103.68526170798899,
    "std": 181.0662065872166,
    "min": 0.0,
    "25%": 0.0,
    "50%": 0.0,
    "75%": 166.0,
    "max": 1600.0
  },
  "BsmtFinSF1": {
    "count": 1460.0,
    "mean": 443.6397260273973,
    "std": 456.0980908409277,
    "min": 0.0,
    "25%": 0.0,
    "50%": 383.5,
    "75%": 712.25,
    "max": 5644.0
  },
  "BsmtFinSF2": {
    "count": 1460.0,
    "mean": 46.54931506849315,
    "std": 161.31927280654173,
    "min": 0.0,
    "25%": 0.0,
    "50%": 0.0,
    "75%": 0.0,
    "max": 1474.0
  },
  "BsmtUnfSF": {
    "count": 1460.0,
    "mean": 567.2404109589041,
    "std": 441.86695529243417,
    "min": 0.0,
    "25%": 223.0,
    "50%": 477.5,
    "75%": 808.0,
    "max": 2336.0
  },
  "TotalBsmtSF": {
    "count": 1460.0,
    "mean": 1057.4294520547944,
    "std": 438.7053244594708,
    "min": 0.0,
    "25%": 795.75,
    "50%": 991.5,
    "75%": 1298.25,
    "max": 6110.0
  },
  "1stFlrSF": {
    "count": 1460.0,
    "mean": 1162.626712328767,
    "std": 386.5877380410744,
    "min": 334.0,
    "25%": 882.0,
    "50%": 1087.0,
    "75%": 1391.25,
    "max": 4692.0
  },
  "2ndFlrSF": {
    "count": 1460.0,
    "mean": 346.99246575342465,
    "std": 436.5284358862568,
    "min": 0.0,
    "25%": 0.0,
    "50%": 0.0,
    "75%": 728.0,
    "max": 2065.0
  },
  "LowQualFinSF": {
    "count": 1460.0,
    "mean": 5.844520547945206,
    "std": 48.62308143352019,
    "min": 0.0,
    "25%": 0.0,
    "50%": 0.0,
    "75%": 0.0,
    "max": 572.0
  },
  "GrLivArea": {
    "count": 1460.0,
    "mean": 1515.463698630137,
    "std": 525.4803834232025,
    "min": 334.0,
    "25%": 1129.5,
    "50%": 1464.0,
    "75%": 1776.75,
    "max": 5642.0
  },
  "BsmtFullBath": {
    "count": 1460.0,
    "mean": 0.42534246575342466,
    "std": 0.5189106060898065,
    "min": 0.0,
    "25%": 0.0,
    "50%": 0.0,
    "75%": 1.0,
    "max": 3.0
  },
  "BsmtHalfBath": {
    "count": 1460.0,
    "mean": 0.057534246575342465,
    "std": 0.23875264627921178,
    "min": 0.0,
    "25%": 0.0,
    "50%": 0.0,
    "75%": 0.0,
    "max": 2.0
  },
  "FullBath": {
    "count": 1460.0,
    "mean": 1.5650684931506849,
    "std": 0.5509158012954317,
    "min": 0.0,
    "25%": 1.0,
    "50%": 2.0,
    "75%": 2.0,
    "max": 3.0
  },
  "HalfBath": {
    "count": 1460.0,
    "mean": 0.38287671232876713,
    "std": 0.5028853810928914,
    "min": 0.0,
    "25%": 0.0,
    "50%": 0.0,
    "75%": 1.0,
    "max": 2.0
  },
  "BedroomAbvGr": {
    "count": 1460.0,
    "mean": 2.8664383561643834,
    "std": 0.8157780441442284,
    "min": 0.0,
    "25%": 2.0,
    "50%": 3.0,
    "75%": 3.0,
    "max": 8.0
  },
  "KitchenAbvGr": {
    "count": 1460.0,
    "mean": 1.0465753424657533,
    "std": 0.22033819838403068,
    "min": 0.0,
    "25%": 1.0,
    "50%": 1.0,
    "75%": 1.0,
    "max": 3.0
  },
  "TotRmsAbvGrd": {
    "count": 1460.0,
    "mean": 6.517808219178082,
    "std": 1.6253932905840505,
    "min": 2.0,
    "25%": 5.0,
    "50%": 6.0,
    "75%": 7.0,
    "max": 14.0
  },
  "Fireplaces": {
    "count": 1460.0,
    "mean": 0.613013698630137,
    "std": 0.6446663863122295,
    "min": 0.0,
    "25%": 0.0,
    "50%": 1.0,
    "75%": 1.0,
    "max": 3.0
  },
  "GarageYrBlt": {
    "count": 1379.0,
    "mean": 1978.5061638868744,
    "std": 24.689724768590242,
    "min": 1900.0,
    "25%": 1961.0,
    "50%": 1980.0,
    "75%": 2002.0,
    "max": 2010.0
  },
  "GarageCars": {
    "count": 1460.0,
    "mean": 1.7671232876712328,
    "std": 0.7473150101111095,
    "min": 0.0,
    "25%": 1.0,
    "50%": 2.0,
    "75%": 2.0,
    "max": 4.0
  },
  "GarageArea": {
    "count": 1460.0,
    "mean": 472.9801369863014,
    "std": 213.80484145338042,
    "min": 0.0,
    "25%": 334.5,
    "50%": 480.0,
    "75%": 576.0,
    "max": 1418.0
  },
  "WoodDeckSF": {
    "count": 1460.0,
    "mean": 94.2445205479452,
    "std": 125.3387943517241,
    "min": 0.0,
    "25%": 0.0,
    "50%": 0.0,
    "75%": 168.0,
    "max": 857.0
  },
  "OpenPorchSF": {
    "count": 1460.0,
    "mean": 46.66027397260274,
    "std": 66.25602767664971,
    "min": 0.0,
    "25%": 0.0,
    "50%": 25.0,
    "75%": 68.0,
    "max": 547.0
  },
  "EnclosedPorch": {
    "count": 1460.0,
    "mean": 21.954109589041096,
    "std": 61.1191486017286,
    "min": 0.0,
    "25%": 0.0,
    "50%": 0.0,
    "75%": 0.0,
    "max": 552.0
  },
  "3SsnPorch": {
    "count": 1460.0,
    "mean": 3.4095890410958902,
    "std": 29.31733055678188,
    "min": 0.0,
    "25%": 0.0,
    "50%": 0.0,
    "75%": 0.0,
    "max": 508.0
  },
  "ScreenPorch": {
    "count": 1460.0,
    "mean": 15.060958904109588,
    "std": 55.757415281874174,
    "min": 0.0,
    "25%": 0.0,
    "50%": 0.0,
    "75%": 0.0,
    "max": 480.0
  },
  "PoolArea": {
    "count": 1460.0,
    "mean": 2.758904109589041,
    "std": 40.17730694453019,
    "min": 0.0,
    "25%": 0.0,
    "50%": 0.0,
    "75%": 0.0,
    "max": 738.0
  },
  "MiscVal": {
    "count": 1460.0,
    "mean": 43.489041095890414,
    "std": 496.12302445794415,
    "min": 0.0,
    "25%": 0.0,
    "50%": 0.0,
    "75%": 0.0,
    "max": 15500.0
  },
  "MoSold": {
    "count": 1460.0,
    "mean": 6.321917808219178,
    "std": 2.7036262083595126,
    "min": 1.0,
    "25%": 5.0,
    "50%": 6.0,
    "75%": 8.0,
    "max": 12.0
  },
  "YrSold": {
    "count": 1460.0,
    "mean": 2007.8157534246575,
    "std": 1.3280951205521099,
    "min": 2006.0,
    "25%": 2007.0,
    "50%": 2008.0,
    "75%": 2009.0,
    "max": 2010.0
  },
  "SalePrice": {
    "count": 1460.0,
    "mean": 180921.19589041095,
    "std": 79442.50288288662,
    "min": 34900.0,
    "25%": 129975.0,
    "50%": 163000.0,
    "75%": 214000.0,
    "max": 755000.0
  }
}