{
  "regressor": "GradientBoostingRegressor",
  "train_score": 6291924.5722344965,
  "test_score": 711439494.456437
}