{
  "regressor": "RandomForestRegressor",
  "train_score": 622076274.7294173,
  "test_score": 1307433075.1358333
}