{
  "regressor": "RandomForestRegressor",
  "train_score": 598758853.6146507,
  "test_score": 1236119951.4130223
}