{
  "regressor": "RandomForestRegressor",
  "train_score": 623307909.7281672,
  "test_score": 1354781339.7651205
}